auger,Kla,Kre,sed
S10y1,0.0015083355170754,0.0003833658668529,3.392885259236607
S10y4,0.0010177526452966,0.000771817670959,3.9687511312387223
S10y5,0.0013969296814605,0.0010479479272578,4.06759014294381
S10y2,0.0011108930968306,0.0006457941375851,3.6326489486879177
S10y6,0.0008968106807669,2.312698963554151e-06,0.8201813217506502
S10y3,0.0007414899064087,1.3315153477848776e-05,0.7676549639379393
S10y7,0.0015203042496522,0.001011013426289,3.719137267835571
S10y8,0.0007653470882446,0.0005052313830634,2.811269089222782
S20y4,0.0465390722509232,8.471848284629053e-06,2.4169787337056827
S20y1,0.0004057236466427,0.0009838700612412,3.080680105252602
S20y5,0.0026361069305018,2.4652722438350857e-06,1.9353207655132287
S20y2,0.0012601457198919,0.000330615620831,2.6876491366933393
S40y1,0.0007093024240995,0.000180617083169,1.450974297547715
S20y7,0.0021293148616032,5.954834809498652e-05,1.9051610413009268
S20y3,0.0002654158059222,0.0007523422432638,1.9956001904873395
S20y8,0.0002763762099832,0.0005327682462594,1.952862544634045
S40y2,0.0006105023642589,3.617208500922919e-05,0.8146665484589615
S40y3,0.001202166638309,0.0003657051910678,2.511361797778437
S40y5,0.0007130095479606,4.819003097727823e-05,1.5656554201985189
S40y4,0.0018981925503688,9.335158422026836e-05,1.812833050992834
S40y6,0.0003245211067175,7.052015265450047e-05,1.3396616786358515
S40y7,0.0023787207859322286,0.00014597243569294908,2.3659867629542224
S40y8,0.0013002867654524,2.4749445663149945e-05,1.253955487905445
